INSERT INTO book (id, title, year, cover_image_url, description) VALUES (1, 'My Name is Emilia del Valle', 2023, 'EmiliaValle.jpg', 'Un viaggio lirico e ricco di emozioni nel passato di Emilia del Valle, una donna in cerca delle proprie radici e della propria identità nell’Argentina post-dittatura. Tra segreti di famiglia, traumi personali e introspezione poetica, Emilia scopre che la guarigione comincia quando si ha il coraggio di dire la verità.');
INSERT INTO book (id, title, year, cover_image_url, description) VALUES (2, 'Greenlight', 2018, 'green.jpg', 'Un’autobiografia anticonvenzionale e sincera dell’attore premio Oscar Matthew McConaughey, che riflette sulla propria vita attraverso diari, esperienze folli e saggezza conquistata con fatica. Non è solo una storia di fama, ma un manifesto per vivere con autenticità, abbracciare il rischio e riconoscere i “semafori verdi” in ogni sfida.');
INSERT INTO book (id, title, year, cover_image_url, description) VALUES (3, 'Il Pappagallo Muto', 2022, 'pappagallo.jpg', 'In una tranquilla cittadina costiera, il silenzio improvviso di un pappagallo che parlava scatena una serie di eventi misteriosi. Un detective eccentrico e una linguista curiosa devono scoprire cosa sapeva l’uccello prima che la verità svanisca per sempre. Un giallo affascinante, cerebrale e ricco di umorismo e cuore.');
INSERT INTO book (id, title, year, cover_image_url, description) VALUES (4, 'A Fire Endless', 2023, 'fuoco-infinito.jpg', 'Il secondo capitolo di una grande saga fantasy in cui il destino di due regni è nelle mani di due fratelli separati. Con la magia elementale in declino e forze antiche che si risvegliano, devono affrontare i retaggi familiari e stringere nuove alleanze per fermare una guerra che potrebbe consumare il loro mondo tra le fiamme.');
INSERT INTO book (id, title, year, cover_image_url, description) VALUES (5, 'The House in the Cerulean Sea', 2020, 'casaMare.jpg', 'Una fantasy deliziosa e commovente su un ispettore che controlla orfani magici per conto del governo. Quando incontra sei bambini straordinari e il loro enigmatico tutore, è costretto a rivedere il significato di amore, accettazione e ciò che davvero rende una famiglia. Una favola tenera piena di calore e fantasia.');
INSERT INTO book (id, title, year, cover_image_url, description) VALUES (6, 'It Ends With Us', 2016, 'itEnds.jpg', 'Un romanzo intenso e toccante che esplora le complessità dell’amore e della violenza. Lily Bloom si innamora di un affascinante neurochirurgo, ma il suo passato riemerge quando la linea tra passione e dolore si fa sottile. Ispirato a eventi reali, racconta con coraggio la rottura dei cicli tossici e la scelta di sé stessi.');
INSERT INTO book (id, title, year, cover_image_url, description) VALUES (7, 'It Starts With Us', 2022, 'itStarts.jpg', 'L’attesissimo seguito di "It Ends With Us" si concentra su Atlas e offre una seconda occasione per l’amore e la redenzione. Mentre le ferite si rimarginano e nuove sfide emergono, Lily e Atlas devono costruire un futuro basato sull’onestà, la forza e il coraggio di riscrivere la loro storia.');
INSERT INTO book (id, title, year, cover_image_url, description) VALUES (8, 'Due Cuori In Affitto', 2019, 'dueCuori.jpg', 'Quando un disguido immobiliare costringe due perfetti sconosciuti—uno metodico, l’altro caotico—a condividere un minuscolo appartamento a Roma, volano scintille. Tra equivoci esilaranti e legami inaspettati, la convivenza si trasforma in un’avventura imprevedibile di cuori, risate e amore.');
INSERT INTO book (id, title, year, cover_image_url, description) VALUES (9, 'The Armor of Light', 2023, 'Armi.jpg', 'Ambientato in una nazione sull’orlo della rivoluzione, questo dramma storico epico segue un fabbro ribelle, una donna con conoscenze proibite e un sacerdote diviso tra fede e dovere. Insieme combattono per la libertà in un mondo dove la luce è sia arma che speranza.');
INSERT INTO book (id, title, year, cover_image_url, description) VALUES (10, 'The Pillars of the Earth', 1989, 'pilastri.jpg', 'Un capolavoro senza tempo della narrativa storica incentrato sulla costruzione di una cattedrale nell’Inghilterra del XII secolo. Attraverso le vite di monaci, costruttori, nobili e contadini, questa epica saga esplora ambizione, tradimento, perseveranza e amore in un’epoca di sconvolgimenti politici e spirituali.');
INSERT INTO book (id, title, year, cover_image_url, description) VALUES (11, 'The Da Vinci Code', 2003, 'codice.jpg', 'Un thriller bestseller mondiale che inizia con un omicidio al Louvre e si trasforma in una corsa attraverso l’Europa. Il simbologo Robert Langdon svela segreti antichi, codici nascosti e una cospirazione che potrebbe scuotere le fondamenta del Cristianesimo. Incalzante, controverso e irresistibile.');
INSERT INTO book (id, title, year, cover_image_url, description) VALUES (12, 'The Lost Symbol', 2009, 'simbolo.jpg', 'Robert Langdon torna a Washington D.C., dove il rapimento di un amico lo porta in un labirinto di simboli esoterici e segreti massonici. Con il tempo che stringe, Langdon deve decifrare antiche conoscenze e svelare i misteri radicati nelle istituzioni fondanti dell’America.');
INSERT INTO book (id, title, year, cover_image_url, description) VALUES (13, 'Una Ragazza di Altri Tempi', 2023, 'ragazza.jpg', 'Mescolando realismo magico e narrativa storica, il romanzo segue una giovane donna misteriosamente legata a una figura del passato. Tra sogni, ricordi e un vecchio diario, scopre un amore che supera i secoli e un destino scolpito dagli echi della storia.');
INSERT INTO book (id, title, year, cover_image_url, description) VALUES (14, 'Bugiarde Si Diventa', 2014, 'bugiarde.jpg', 'Una satira arguta e profonda sull’identità moderna e le maschere sociali. Quando una scrittrice in difficoltà finge di essere qualcun’altra per entrare in un circolo d’élite, le sue bugie iniziano a prendere vita. Tagliente, ironico e sorprendentemente umano.');
INSERT INTO book (id, title, year, cover_image_url, description) VALUES (15, 'A River Enchanted', 2024, 'fiume.jpg', 'Su un’isola intrisa di folklore, la musica ha un potere magico. Quando le ragazze iniziano a scomparire, un bardo riluttante torna a casa per allearsi con una guaritrice dal carattere infuocato. Insieme dovranno svelare i segreti dell’isola, affrontare vecchie ferite e scoprire il vero prezzo dell’incanto.');
INSERT INTO book (id, title, year, cover_image_url, description) VALUES (16, 'Good Economics for Hard Times', 2019, 'goodEcon.jpg', 'Un libro attuale e illuminante dei premi Nobel Banerjee e Duflo che affronta temi economici cruciali come disuguaglianza, immigrazione e cambiamento climatico. Con rigore scientifico e linguaggio accessibile, sfida le convinzioni comuni e propone soluzioni umane per un mondo migliore.');
INSERT INTO book (id, title, year, cover_image_url, description) VALUES (18, 'The Roughest Draft', 2022, 'roughest.jpg', 'Una romantica e intensa storia tra due coautori che non si parlano dal loro ultimo bestseller. Costretti a riunirsi per un ultimo libro, tensioni irrisolte, segreti e sentimenti riemergono in un racconto di seconde possibilità, amore e parole scritte.');


INSERT INTO book_image_file_names (book_id, image_file_names) VALUES (1, 'valle2.jpg');
INSERT INTO book_image_file_names (book_id, image_file_names) VALUES (4, 'fire2.jpg');
INSERT INTO book_image_file_names (book_id, image_file_names) VALUES (4, 'fire3.jpg');
INSERT INTO book_image_file_names (book_id, image_file_names) VALUES (7, 'starts2.jpg');
INSERT INTO book_image_file_names (book_id, image_file_names) VALUES (7, 'retro.jpg');
INSERT INTO book_image_file_names (book_id, image_file_names) VALUES (2, 'green2.jpg');
INSERT INTO book_image_file_names (book_id, image_file_names) VALUES (8, 'affitto2.jpg');
INSERT INTO book_image_file_names (book_id, image_file_names) VALUES (8, 'affitto3.jpg');
INSERT INTO book_image_file_names (book_id, image_file_names) VALUES (16, 'goodEcon2.jpg');


INSERT INTO author (id, name, surname, born_year, death_year, nationality, description, image_file_name) VALUES(1, 'Isabel', 'Allende', '1942-08-02', NULL, 'Cilena', 'Isabel Allende è una scrittrice cileno-americana. Le sue opere, spesso con elementi di realismo magico, includono "La casa degli spiriti" (1982).', 'Isabel.png');
INSERT INTO author (id, name, surname, born_year, death_year, nationality, description, image_file_name) VALUES(2, 'TJ', 'Klune', '1982-05-20', NULL, 'Americano', 'Travis John Klune è un autore americano di fantasy e narrativa romantica con protagonisti LGBTQ+.', 'Klune.jpeg');
INSERT INTO author (id, name, surname, born_year, death_year, nationality, description, image_file_name) VALUES(3, 'Maurizio', 'De Giovanni', '1958-03-15', NULL, 'Italiano', 'Maurizio de Giovanni è nato a Napoli nel 1958, dove ha vissuto e lavorato per gran parte della sua vita. Le sue opere sono tradotte in molte lingue.', 'DeGiovanni.jpg');
INSERT INTO author (id, name, surname, born_year, death_year, nationality, description, image_file_name) VALUES(4, 'Rebecca', 'Ross', '1990-01-01', NULL, 'Americana', 'Rebecca Ross è un’autrice americana di romanzi fantasy per giovani adulti e adulti, nota per la duologia "Letters of Enchantment".', 'Rebecca.jpeg');
INSERT INTO author (id, name, surname, born_year, death_year, nationality, description, image_file_name) VALUES(5, 'Benjamin', 'Stevenson', '1995-03-16', NULL, 'Australiano', 'Benjamin Stevenson è un comico e scrittore pluripremiato. Il suo romanzo "Everyone in My Family Has Killed Someone" diventerà una serie HBO.', 'Benjamin.jpg');
INSERT INTO author (id, name, surname, born_year, death_year, nationality, description, image_file_name) VALUES(6, 'Colleen', 'Hoover', '1979-12-11', NULL, 'Americana', 'Colleen Hoover è un’autrice americana di romanzi rosa e young adult, nota per "It Ends with Us". Ha venduto oltre 20 milioni di copie.', 'colleen.jpg');
INSERT INTO author (id, name, surname, born_year, death_year, nationality, description, image_file_name) VALUES(7, 'Felicia', 'Kingsley', '1987-10-13', NULL, 'Italiana', 'Felicia Kingsley, pseudonimo di Serena Artioli, è un’autrice italiana con oltre 1.000.000 di copie vendute. Le sue opere sono tradotte in inglese e ceco.', 'felicia.jpeg');
INSERT INTO author (id, name, surname, born_year, death_year, nationality, description, image_file_name) VALUES(8, 'Ken', 'Follet', '1949-06-05', NULL, 'Britannico', 'Ken Follett è un autore gallese di thriller e romanzi storici, con oltre 195 milioni di copie vendute in tutto il mondo.', 'Ken.jpeg');
INSERT INTO author (id, name, surname, born_year, death_year, nationality, description, image_file_name) VALUES(9, 'Dan', 'Brown', '1964-06-22', NULL, 'Americano', 'Dan Brown è un autore americano noto per i suoi thriller ricchi di crittografia, arte e teorie del complotto.', 'Dan.jpg');
INSERT INTO author (id, name, surname, born_year, death_year, nationality, description, image_file_name) VALUES(10, 'Abhijit V.', 'Banerjee', '1961-02-21', NULL, 'Indiano-Americano', 'Abhijit Banerjee è un economista indiano-americano, vincitore del Nobel per l’Economia 2019 per il suo approccio sperimentale alla lotta contro la povertà.', 'ab.jpg');
INSERT INTO author (id, name, surname, born_year, death_year, nationality, description, image_file_name) VALUES(11, 'Esther', 'Duflo', '1972-10-25', NULL, 'Franco-Americana', 'Esther Duflo è un’economista franco-americana, premio Nobel 2019 per i suoi studi sperimentali sulla riduzione della povertà.', 'esther.jpg');
INSERT INTO author (id, name, surname, born_year, death_year, nationality, description, image_file_name) VALUES(14, 'Emily', 'Wibberley', '1992-06-03', NULL, 'Americana', 'Emily Wibberley è un’autrice bestseller di narrativa romantica, nota per le sue collaborazioni con Austin Siegemund-Broka.', 'emily.jpg');
INSERT INTO author (id, name, surname, born_year, death_year, nationality, description, image_file_name) VALUES(15, 'Austin', 'Siegemund-Broka', '1991-09-18', NULL, 'Americano', 'Austin Siegemund-Broka è un autore ed ex giornalista che scrive romanzi rosa insieme a Emily Wibberley.', 'austin.jpg');


INSERT INTO book_authors (authors_id, books_id) VALUES (1, 1);
INSERT INTO book_authors (authors_id, books_id) VALUES (2, 5);
INSERT INTO book_authors (authors_id, books_id) VALUES (3, 3);
INSERT INTO book_authors (authors_id, books_id) VALUES (4, 4);
INSERT INTO book_authors (authors_id, books_id) VALUES (5, 2);
INSERT INTO book_authors (authors_id, books_id) VALUES (6, 6);
INSERT INTO book_authors (authors_id, books_id) VALUES (6, 7);
INSERT INTO book_authors (authors_id, books_id) VALUES (7, 8);
INSERT INTO book_authors (authors_id, books_id) VALUES (8, 9);
INSERT INTO book_authors (authors_id, books_id) VALUES (8, 10);
INSERT INTO book_authors (authors_id, books_id) VALUES (9, 11);
INSERT INTO book_authors (authors_id, books_id) VALUES (9, 12);
INSERT INTO book_authors (authors_id, books_id) VALUES (7, 13);
INSERT INTO book_authors (authors_id, books_id) VALUES (7, 14);
INSERT INTO book_authors (authors_id, books_id) VALUES (4, 15);
INSERT INTO book_authors (authors_id, books_id) VALUES (10, 16);
INSERT INTO book_authors (authors_id, books_id) VALUES (11, 16);
INSERT INTO book_authors (authors_id, books_id) VALUES (14, 18);
INSERT INTO book_authors (authors_id, books_id) VALUES (15, 18);




--UTENTE DEFAULT
INSERT INTO users (id, name, surname, email) VALUES (2, 'Coco', 'Bevacqua', 'coco.beva@gmail.com');
INSERT INTO credentials (id, user_id, password, role, username )VALUES (2, 2, '$2a$10$ZU.zpI.aQpJRKEj6bieZVedDvZmZM/A9vJVqTqTW8NQEJkxz3oDou', 'DEFAULT', 'Coco');
INSERT INTO users (id, name, surname, email) VALUES (3, 'Nicola', 'Campisano', 'nico.camp@gmail.com');
INSERT INTO credentials (id, user_id, password, role, username )VALUES (3, 3, '$2a$10$ZU.zpI.aQpJRKEj6bieZVedDvZmZM/A9vJVqTqTW8NQEJkxz3oDou', 'DEFAULT', 'Nico');
INSERT INTO users (id, name, surname, email) VALUES (4, 'Tommaso', 'Cenciotti', 'tom.cencio@gmail.com');
INSERT INTO credentials (id, user_id, password, role, username )VALUES (4, 4, '$2a$10$ZU.zpI.aQpJRKEj6bieZVedDvZmZM/A9vJVqTqTW8NQEJkxz3oDou', 'DEFAULT', 'Tommy');


--UTENTE ADMIN
INSERT INTO users (id, name, surname, email) VALUES (1, 'Martina', 'Castelli', 'admin@gmail.com');
INSERT INTO credentials (id, user_id, password, role, username )VALUES (1, 1, '$2a$10$ZU.zpI.aQpJRKEj6bieZVedDvZmZM/A9vJVqTqTW8NQEJkxz3oDou', 'ADMIN', 'Marti');

--RECENSIONI
INSERT INTO review (id, title, vote, text, book_id, credential_id, date) VALUES (1, 'Emozionante e Coinvolgente', 5, 'Un romanzo potente che esplora con delicatezza le radici familiari e il dolore. Da leggere assolutamente.', 1, 3, '10/06/2025');
INSERT INTO review (id, title, vote, text, book_id, credential_id, date) VALUES (2, 'Ispirazione Pura', 4, 'McConaughey mescola umorismo e saggezza in un memoir davvero unico.', 2, 2, '12/06/2025');
INSERT INTO review (id, title, vote, text, book_id, credential_id, date) VALUES (3, 'Divertente e Misterioso', 3, 'Una lettura leggera ma ben scritta. Il mistero del pappagallo è geniale.', 3, 3, '11/06/2025');
INSERT INTO review (id, title, vote, text, book_id, credential_id, date) VALUES (4, 'Magia e Suspense', 4, 'Un fantasy coinvolgente che unisce avventura e legami familiari.', 4, 4, '15/06/2025');
INSERT INTO review (id, title, vote, text, book_id, credential_id, date) VALUES (5, 'Dolce e Commovente', 4, 'Una storia tenera sull’accettazione e la diversità. Da leggere col cuore aperto.', 5, 4, '14/06/2025');
INSERT INTO review (id, title, vote, text, book_id, credential_id, date) VALUES (6, 'Profondo e Realistico', 5, 'Un romanzo che affronta temi difficili con grazia. Altamente consigliato.', 6, 2, '13/06/2025');
INSERT INTO review (id, title, vote, text, book_id, credential_id, date) VALUES (7, 'Un Seguito all’Altezza', 4, 'Un bellissimo seguito che offre una nuova prospettiva sui protagonisti.', 7, 2, '16/06/2025');
INSERT INTO review (id, title, vote, text, book_id, credential_id, date) VALUES (8, 'Divertente e Romantico', 4, 'Una commedia romantica brillante con personaggi ben scritti.', 8, 4, '17/06/2025');
INSERT INTO review (id, title, vote, text, book_id, credential_id, date) VALUES (9, 'Coinvolgente e Intenso', 4, 'Un potente dramma storico con personaggi indimenticabili.', 9, 3, '18/06/2025');
INSERT INTO review (id, title, vote, text, book_id, credential_id, date) VALUES (10, 'Capolavoro Storico', 5, 'Ken Follett è un maestro della narrativa storica. Imperdibile.', 10, 2, '18/06/2025');
INSERT INTO review (id, title, vote, text, book_id, credential_id, date) VALUES (11, 'Thriller Intelligente', 4, 'Ritmo serrato e trama intrigante con colpi di scena ben orchestrati.', 11, 3, '18/06/2025');
INSERT INTO review (id, title, vote, text, book_id, credential_id, date) VALUES (12, 'Mistero Moderno', 4, 'Langdon non delude mai. Trama densa e finale solido.', 12, 4, '18/06/2025');
INSERT INTO review (id, title, vote, text, book_id, credential_id, date) VALUES (13, 'Magico e Romantico', 5, 'Una storia che collega epoche diverse in modo toccante. Bellissimo.', 13, 3, '18/06/2025');
INSERT INTO review (id, title, vote, text, book_id, credential_id, date) VALUES (14, 'Arguto e Brillante', 3, 'Una satira pungente sull’identità e la società. Originale.', 14, 2, '18/06/2025');
INSERT INTO review (id, title, vote, text, book_id, credential_id, date) VALUES (15, 'Favola Poetica', 5, 'Atmosfera incantevole e mistero intrigante. Magico.', 15, 3, '18/06/2025');
INSERT INTO review (id, title, vote, text, book_id, credential_id, date) VALUES (16, 'Viaggio Profondo', 5, 'Un’esplorazione toccante dell’identità e della memoria. La storia di Emilia resta dentro.', 1, 4, '18/06/2025');
INSERT INTO review (id, title, vote, text, book_id, credential_id, date) VALUES (17, 'Dolce e Magico', 5, 'Una lettura piacevole che scalda il cuore. I personaggi ti restano dentro.', 5, 3, '18/06/2025');
INSERT INTO review (id, title, vote, text, book_id, credential_id, date) VALUES (18, 'Sincero e Pieno di Speranza', 4, 'Dimostra che è possibile guarire e ridefinire l’amore. Commovente.', 7, 3, '18/06/2025');
INSERT INTO review (id, title, vote, text, book_id, credential_id, date) VALUES (19, 'Epico e Avvincente', 4, 'Una grande storia di ambizione, fede e perseveranza. Assolutamente coinvolgente.', 10, 4, '18/06/2025');
INSERT INTO review (id, title, vote, text, book_id, credential_id, date) VALUES (20, 'Avventura Simbolica', 4, 'Un tuffo affascinante nei segreti massonici e nella storia americana. Ben scritto.', 12, 2, '18/06/2025');
INSERT INTO review (id, title, vote, text, book_id, credential_id, date) VALUES (21, 'Viaggio Emotivo', 5, 'Scritto magnificamente e profondamente emozionante. Un piccolo gioiello.', 13, 4, '18/06/2025');
INSERT INTO review (id, title, vote, text, book_id, credential_id, date) VALUES (22, 'Memorie Potenti', 4, 'Onesto e ispirante. Ti fa riflettere sulle scelte della tua vita.', 2, 3, '18/06/2025');
INSERT INTO review (id, title, vote, text, book_id, credential_id, date) VALUES (23, 'Fantasy Originale', 5, 'Uno dei romanzi fantasy più originali che abbia mai letto. Amato dall’inizio alla fine.', 4, 3, '18/06/2025');
INSERT INTO review (id, title, vote, text, book_id, credential_id, date) VALUES (24, 'Commento Sociale', 3, 'Uno sguardo tagliente sull’identità moderna. A tratti divertente, a tratti inquietante.', 14, 3, '18/06/2025');
INSERT INTO review (id, title, vote, text, book_id, credential_id, date) VALUES (25, 'Misterioso e Suggestivo', 5, 'Un mix poetico di folklore e amore. Ti resta dentro.', 15, 2, '18/06/2025');
INSERT INTO review (id, title, vote, text, book_id, credential_id, date) VALUES (26, 'Avvincente e Audace', 4, 'Ritmo serrato e coraggio narrativo. Una fuga dalla realtà entusiasmante.', 6, 4, '18/06/2025');
INSERT INTO review (id, title, vote, text, book_id, credential_id, date) VALUES (27, 'Lettura Rasserenante', 5, 'Commovente e piena di anima. Un promemoria di ciò che conta davvero.', 5, 2, '18/06/2025');
INSERT INTO review (id, title, vote, text, book_id, credential_id, date) VALUES (28, 'Classico Senza Tempo', 4, 'Questo romanzo definisce la narrativa storica. Realizzato magistralmente.', 10, 3, '18/06/2025');
INSERT INTO review (id, title, vote, text, book_id, credential_id, date) VALUES (29, 'Tagliente e Frizzante', 4, 'Esilarante, intelligente e sorprendentemente profondo.', 8, 3, '18/06/2025');
INSERT INTO review (id, title, vote, text, book_id, credential_id, date) VALUES (30, 'Verità Nascoste', 4, 'Una storia ingegnosa con strati di segreti e simboli.', 11, 4, '18/06/2025');
INSERT INTO review (id, title, vote, text, book_id, credential_id, date) VALUES (31, 'Toccante nel Profondo', 5, 'Una storia meravigliosamente scritta sull’unione umana e sul sentirsi a casa oltre i confini. Personaggi incredibilmente realistici.', 16, 2, '20/06/2025');
INSERT INTO review (id, title, vote, text, book_id, credential_id, date) VALUES (32, 'Viaggio Emotivo', 4, 'Esplora amore e amicizia attraverso le barriere culturali. Toccante, pieno di speranza, attuale.', 16, 3, '20/06/2025');
INSERT INTO review (id, title, vote, text, book_id, credential_id, date) VALUES (33, 'Teso e Romantico', 5, 'Un romance lento ma carico di tensione emotiva. Ho adorato la dinamica tra i due autori.', 18, 4, '20/06/2025');
INSERT INTO review (id, title, vote, text, book_id, credential_id, date) VALUES (34, 'Reale e Riconoscibile', 4, 'Arguto, agrodolce e onesto sul processo creativo e sull’amore. Perfetto per chi ama le seconde possibilità.', 18, 3, '20/06/2025');



SELECT setval('users_seq', (SELECT MAX(id) FROM users));
SELECT setval('credentials_seq', (SELECT MAX(id) FROM credentials));
SELECT setval('book_seq', (SELECT MAX(id) FROM book));
SELECT setval('author_seq', (SELECT MAX(id) FROM author));
SELECT setval('review_seq', (SELECT MAX(id) FROM review));